Щукин,Арсен,Митрофанович
Колесников,Илья,Игоревич
Калинин,Самуил,Арсеньевич
Шарапов,Максим,Мартынович
Власов,Михаил,Филиппович
Волков,Федор,Эдуардович
Якушев,Иннокентий,Иванович
Потапов,Артем,Натанович
Петухов,Людвиг,Артемович
Осипов,Соломон,Арсеньевич
Некрасов,Василий,Адольфович
Филатов,Эдуард,Евгеньевич
Кабанов,Азарий,Владиславович
Вишняков,Макар,Игнатьевич
Абрамов,Осип,Федорович
Галкин,Захар,Петрович
Субботин,Корней,Игнатьевич
Носков,Архип,Давидович
Гурьев,Андрей,Авдеевич
Егоров,Соломон,Евгеньевич
Гаврилов,Станислав,Витальевич
Муравьёв,Илья,Тарасович
Сазонов,Гордей,Якунович
Панов,Клим,Оскарович
Зимин,Остап,Максович
Наумов,Геннадий,Денисович
Семёнов,Касьян,Мэлорович
Лаврентьев,Климент,Тимурович
Гуляев,Аристарх,Пётрович
Корнилов,Арсений,Всеволодович
Романов,Гордей,Максимович
Елисеев,Иосиф,Онисимович
Евдокимов,Панкрат,Данилович
Киселёв,Вилен,Миронович
Федосеев,Прохор,Вячеславович
Карпов,Гавриил,Игоревич
Лихачёв,Евгений,Тарасович
Мартынов,Наум,Христофорович
Рогов,Мирослав,Вячеславович
Фомичёв,Герасим,Рубенович
Овчинников,Кирилл,Валерьянович
Морозов,Прохор,Адольфович
Осипов,Вилен,Эдуардович
Кузнецов,Август,Дамирович
Смирнов,Натан,Кимович
Лобанов,Даниил,Натанович
Кабанов,Нелли,Ярославович
Меркушев,Митрофан,Лукьевич
Лихачёв,Фрол,Николаевич
Крюков,Мстислав,Улебович
Белов,Оскар,Вениаминович
Лихачёв,Виссарион,Пётрович
Марков,Ким,Всеволодович
Зуев,Павел,Всеволодович
Мамонтов,Савелий,Мэлорович
Юдин,Прохор,Макарович
Мартынов,Гарри,Филиппович
Семёнов,Клемент,Робертович
Гущин,Май,Фролович
Русаков,Адриан,Михайлович
Щербаков,Исаак,Викторович
Силин,Велорий,Федорович
Тетерин,Абрам,Валерьянович
Щербаков,Архип,Борисович
Лазарев,Максимилиан,Лукьевич
Блохин,Эрик,Леонидович
Марков,Модест,Миронович
Игнатов,Корней,Матвеевич
Комаров,Вадим,Пётрович
Зыков,Панкрат,Альвианович
Уваров,Витольд,Миронович
Кузнецов,Остап,Натанович
Моисеев,Аверкий,Гордеевич
Брагин,Илья,Леонидович
Потапов,Юлий,Валерьевич
Селиверстов,Мартин,Онисимович
Савин,Вольдемар,Пантелеймонович
Моисеев,Демьян,Дамирович
Сидоров,Исаак,Максимович
Захаров,Кондрат,Витальевич
Коновалов,Максимилиан,Леонидович
Устинов,Лазарь,Христофорович
Колобов,Ермолай,Валентинович
Кабанов,Станислав,Давидович
Шарапов,Святослав,Давидович